,name,original,gender_guesser,census
0,Tracy Neal Leavelle,female,mostly_female,male
1,Jan Marten W. Schalkwijk,female,mostly_female,male
2,Anne-marie York,female,unknown,unknown
3,Leslie Henry Goldsmith,female,male,male
4,Rai Imani Wilson,male,female,female
5,Ari Ariel,male,male,andy
6,Javier F. Marion,male,andy,male
7,Kim Ngoc Bao Ninh,female,mostly_female,andy
8,Alex Cummings,male,andy,male
9,Robin Espy Robinson,female,andy,mostly_female
10,Linn Shapiro,female,female,andy
11,Robin Dell Campbell,female,male,mostly_female
12,Neysa Rodriguez,female,unknown,female
13,Gwenn A. Miller,female,andy,female
14,Lynn Wayne Tatum,female,mostly_female,male
15,Jamie Jaywann Wilson,male,mostly_female,andy
16,Tracy Tullis,female,mostly_female,andy
17,Javier Villa-flores,male,andy,male
18,Eli T. Plopper,male,andy,male
19,Shelley Clyde Stone,male,female,female
20,Robin Fleming,female,andy,mostly_female
21,Loren B. Thompson,female,mostly_male,andy
22,Gisele L. Fong,female,unknown,female
23,Felice Dosik Gordon,female,male,mostly_female
24,Dana Roby Miller,female,female,male
25,Lynn Dumenil,female,mostly_female,andy
26,Jaime O. Cardenas,male,andy,andy
27,Jamie C. Saucier,male,mostly_female,andy
28,Bergmark Ley,male,unknown,unknown
29,Lynn Mcclary Hawkins,female,mostly_female,andy
30,Ann-marie Woolnough Scheidt,female,unknown,unknown
31,Robin Edward Baker,female,male,mostly_female
32,Augustine Nigro,male,mostly_male,andy
33,Nalani E. Hilderman,female,unknown,female
34,Leslie Scott Offutt,female,male,male
35,Jan Fleener Scholl,female,mostly_female,andy
36,Tracy Lynn Brady,female,mostly_female,andy
37,Kim Jacks,female,mostly_female,andy
38,Afroz ,female,unknown,unknown
39,Yuri Felshtinsky,male,male,andy
40,Glen Wesley Menzies,female,male,male
41,Kim Brinck-johnsen,female,mostly_female,andy
42,Jaime Alanis,male,andy,andy
43,Jan Richard Heier,female,mostly_female,male
44,Torrie Hester,female,mostly_female,andy
45,Cristen Paige Copeland,female,unknown,female
46,Jean S. Kang,female,andy,female
47,Shelley Anne Costa,male,female,female
48,Taylor Hollander,male,mostly_male,andy
49,Kela Shang,female,unknown,female
50,Leslie Parker Bryant Hume,female,andy,andy
51,Loren L. Brandt,female,mostly_male,andy
52,Marsh Wilkinson Jones,male,unknown,male
53,Michel Pichot,male,male,andy
54,Marian E. Schlotterbeck,female,andy,female
55,Jean Hodgin Daniels,female,andy,female
56,Tracy Marafiote,female,mostly_female,andy
57,Kary D. Smout,female,mostly_female,andy
58,Alexi Josephine Assmus,female,male,female
59,Natale A. Zappia,male,male,andy
60,Leslie Ritt Berlin,female,andy,andy
61,Jean Fittz Hankins,female,andy,female
62,Noell Howell Wilson,female,male,mostly_female
63,Paige W. Roberts,female,andy,female
64,Eli Cook,male,andy,male
65,Jayme Millsap Stone,female,mostly_male,andy
66,Merril D. Smith,male,unknown,mostly_male
67,Jan Gregory Thompson,female,mostly_female,male
68,Nayan Bhupendra Shah,male,unknown,male
69,Punita Raval Arora,female,unknown,unknown
70,Jody Lee Peterson,female,mostly_female,andy
71,Rukhsana Qamber,female,female,unknown
72,Leslie Brown,female,andy,andy
73,Frankie P. Hutton,male,andy,andy
74,Nan Alamilla Boyd,female,female,unknown
75,Ali Hussain Algahtani,female,male,male
76,Whitney Lutricia Battle,female,andy,female
77,Leslie Wallace Skinner,female,male,male
78,Shepherd W. Mckinley,male,unknown,male
79,Shelley Marie Lucas,male,female,female
80,Eran Fraenkel,female,male,mostly_male
81,Alex M. Spencer,male,andy,male
82,Bonni Kay Cermak,female,unknown,female
83,Robin Dearmon Jenkins,female,andy,mostly_female
84,Alex Lovit,male,andy,male
85,Ravi Ramamurti,male,andy,male
86,Leslie Citron,female,andy,andy
87,Haydon Leslie Cherry,male,unknown,mostly_male
88,Lyndell O'hara,female,unknown,andy
89,Rogers Blood Miles,male,unknown,male
90,Glen Anthony Harris,female,male,male
91,Floris Loretta Barnett Cash,female,male,female
92,Noam Maggor,male,andy,mostly_male
93,Tracy K. Flemming,female,mostly_female,andy
94,Whitney E. Smith,female,andy,mostly_female
95,Rene Luis Alvarez,female,male,male
96,Rory John Telander,female,male,male
97,Jean Waters Thomas,female,andy,female
98,Maggi M. Morehouse,female,unknown,female
99,Jean Mcgrath Hayes,female,andy,female
100,Ali M. Hammed Shahidian,female,andy,andy
101,Alex Checkovich,male,andy,male
102,Jess Edward Levine,female,male,male
103,Toby Lee Ditz,male,mostly_male,andy
104,Toni Gilpin,female,andy,female
105,Ruhi Grover,female,male,female
106,Javier Ortiz Batalla,male,andy,male
107,Courtney Roby,male,female,mostly_female
108,Jody Michael Gordon,female,mostly_female,male
109,Eben Moglen,male,unknown,male
110,Dana M. Caldemeyer,female,female,andy
111,Robin Brentwood Williams,female,andy,mostly_female
112,Arie J. Griffioen,male,male,andy
113,Lon Yuki Kurashige,male,andy,male
114,Shelley Osmun Baranowski,male,female,female
115,Lynn A. Manchester,female,mostly_female,andy
116,Guthrie P. Ramsey,male,unknown,male
117,Gabriel N. Mendes,female,male,male
118,Kim Alan Snyder,female,mostly_female,male
119,Rene Dean Harder Horst,female,male,male
120,Jamie Monson,male,mostly_female,andy
121,Rosario Varo Berra,female,male,andy
122,Alaine Stacy Hutson,female,unknown,female
123,Temple Bryonny Tsenes-hills,male,unknown,andy
124,Karel Susan James,female,male,female
125,Jamie Chad Brandon,male,mostly_female,male
126,Jamie Hart,male,mostly_female,andy
127,Akhil Mehra,male,unknown,male
128,Jaime R. Aguila,male,andy,andy
129,Willie Cannon-brown,male,mostly_male,andy
130,Jean-francois Gauvin,male,unknown,unknown
131,Ari Z. Bryen,male,male,andy
132,Chandrika Paul,female,unknown,female
133,Leslie Ray Tucker,female,andy,male
134,Dana Hansen Allin,female,female,male
135,Ali Yaycioglu,female,andy,andy
136,Jess Olson,female,andy,male
137,Lovell Pugh-bassett,male,unknown,andy
138,Shelley Glotzer Herochik,male,female,female
139,Alex Gottesman,male,andy,male
140,Sasha Rosenman Caufield,female,andy,female
141,Ric A. Kabat,male,unknown,male
142,Aime Mpevo Mpolo,female,female,andy
143,Felice Batlan,female,male,mostly_female
144,Gabriel Jesus Mendez,female,male,male
145,Ran Greenstein,male,andy,mostly_male
146,Loren A. Broc,female,mostly_male,andy
147,Adel Allouche,female,male,andy
148,Kim Warren,female,mostly_female,andy
149,Vitoria C. Saddi,female,unknown,female
150,Jordanna Bailkin,female,unknown,female
151,Bela Kissh,male,female,andy
152,Alex G. Cummins,male,andy,male
153,Arnab Dey,male,unknown,male
154,Carlye Burchett Thacker,female,unknown,female
155,Gordon Leah N.,female,male,male
156,Taylor Spence,male,mostly_male,andy
157,Bala Baptiste,female,female,unknown
158,Dana Kristofor Lindaman,female,female,male
159,Taylor E. Mack,male,mostly_male,andy
160,Lynn Wood Mollenauer,female,mostly_female,male
161,Gabriel S. Logan,female,male,male
162,Min Suh Son,female,andy,andy
163,Everard Kidder Meade,male,unknown,male
164,Ishita Ghosh,female,unknown,female
165,Cybelle Fox,female,unknown,female
166,Jan R. Olive Full,female,mostly_female,andy
167,Elisha R. Russ-fishbane,female,mostly_female,andy
168,Starr Morrow Camper,female,andy,female
169,Uzma Quraishi,female,unknown,female
170,Gunja Sengupta,female,unknown,unknown
171,Leslie Gale Parr,female,andy,andy
172,Robin J. E. Vose,female,andy,mostly_female
173,Anne-marie Smith,female,unknown,unknown
174,Marne Lyn Campbell,female,unknown,female
175,Sampson Hsiang-chang Kuo,male,unknown,male
176,Robin Wolfe Scheffler,female,andy,mostly_female
177,Tahseen H. Ali,female,unknown,male
178,Shelley Ann Bowen Hatfield,male,female,female
179,Tracy Dean Reule,female,mostly_female,male
180,Tracie Lynn Provost,male,female,female
181,Kim Lacy Rogers,female,mostly_female,andy
182,Dana E. Byrd,female,female,andy
183,Leslie James Worley,female,male,male
184,Libbie J. Freed,female,unknown,female
185,Jan Joseph Santich,female,mostly_female,male
186,Reeva Spector Simon,female,unknown,female
187,Jamie L. Pietruska,male,mostly_female,andy
188,Laurence Dana Schiller,male,female,male
189,Jang Aisjah Muttalib,male,andy,unknown
190,Dana M. Ohren,female,female,andy
191,Min Wha Han,female,andy,andy
192,Gale L. Kenny,female,mostly_female,andy
193,Leslie A. King,female,andy,andy
194,Dana Nicholas Benelli,female,female,male
195,Jan W. Wojcik,female,mostly_female,andy
196,Ali Faiz Al-jahny Shiry,female,male,male
197,Robin O. Harris,female,andy,mostly_female
198,Dana Vat Sadarananda,female,female,andy
199,Jan Francis Kiely,female,mostly_female,andy
200,Gabriele Gottlieb,male,female,andy
201,Sheridan Spiegel Martin,male,male,andy
202,Milan Protic,male,male,andy
203,Dana M. Gillespie,female,female,andy
204,Theo M. Billings,male,male,andy
205,Glen Alton Messer,female,male,male
206,Robin Dale Moore,female,andy,mostly_female
207,Tracy Steven Uebelhor,female,mostly_female,male
208,Patrice L. Jeppson,female,andy,female
209,Robin Bruce Barnes,female,male,mostly_female
210,Nameeta Mathur,female,unknown,unknown
211,Jean A. Truax,female,andy,female
212,Jess M. Rigelhaupt,female,andy,male
213,Bobbie Malone,female,mostly_female,andy
214,Tulley Long,male,unknown,unknown
215,Courtney Lynne Wiersema,male,female,female
216,Jessey Jiun-chyi Choo,male,unknown,andy
217,Shelley Amiste Wolbrink,male,female,female
218,Gabriel James Haslip,female,male,male
219,Gray Warren Tuttle,female,male,male
220,Sadiq Ali Gill,male,unknown,male
221,Francois Lalonde,male,unknown,male
222,Addis Xyomara Mason,female,unknown,female
223,Jamie C. Christy,male,mostly_female,andy
224,Dallas George Denery,female,male,male
225,Jamie C. Fries,male,mostly_female,andy
226,Patty Ann Taylor,male,female,female
227,Reynolds Mathewson Salerno,male,unknown,male
228,Laurence Winant Dickey,male,andy,male
229,Ali Ibrahim Kholaif,female,male,male
230,Dael Alan Tatalovich,female,male,male
231,Danell Lee Van Orden,female,unknown,andy
232,Eli Nathans,male,andy,male
233,Lenna Hodnett Allred,female,unknown,female
234,France N. Ntloedibe,female,female,andy
235,Jody Rubin,female,mostly_female,andy
236,Robin Leigh Einhorn,female,andy,mostly_female
237,Robin S. Conner,female,andy,mostly_female
238,Yuri Vladimirovich Takhteyev,male,male,andy
239,Dominique Kirchner Reill,female,andy,andy
240,Jamie L. Wraight,male,mostly_female,andy
241,Patrice Robinson,female,andy,female
242,Michel F. Le Gall,male,male,andy
243,Robin Axtell Larsen,female,andy,mostly_female
244,Jan Lee Prickett,female,mostly_female,andy
245,Ali F. Igmen,female,andy,andy
246,Uli Schamiloglu,male,andy,female
247,Nan Hesse Dreher,female,female,unknown
248,Lon Devere Marlowe,male,andy,male
249,Willie Lee Hiatt,male,mostly_male,andy
250,Jean Dunlavy,female,andy,female
251,Jean Robarts Seaton,female,andy,female
252,Kim K. Bender,female,mostly_female,andy
253,Elisha P. Renne,female,mostly_female,andy
254,Jean Ju Kim,female,andy,female
255,Merle Luber Friedenberg,male,mostly_male,andy
256,Jean Montes,female,andy,female
257,Jean Marr Wilkins,female,andy,female
258,Nan Wang,female,female,unknown
259,Leslie Penn Peirce,female,andy,male
260,Courtney Louise Tollison,male,female,female
261,Lou Saunders Sua,male,andy,mostly_female
262,Whitney Talley Bendeck,female,andy,mostly_female
263,Shay Hazkani,female,male,andy
264,Javier Garciadiego Dantan,male,andy,male
265,Jethro Hernandez Berrones,male,unknown,male
266,Ricki Shults Janicek,female,andy,andy
267,Sampson Amoafo,male,unknown,male
268,Gabriel Ward Finkelstein,female,male,male
269,Lynn Keller Nyhart,female,mostly_female,andy
270,Dee Richard Darling,female,mostly_female,male
271,Jo-ann Gross,female,unknown,unknown
272,Harley David Balzer,female,male,male
273,Lynn Willoughby Ware,female,mostly_female,andy
274,Alexis A. Antracoli,female,mostly_female,andy
275,Dana Robert Morris,female,female,male
276,Francois Drey Furstenberg,male,unknown,male
277,Tait S. Keller,male,unknown,male
278,Loren David Crow,female,male,male
279,Kim Yoonok Stenberg,female,mostly_female,andy
280,Lynn Barry Zastoupil,female,mostly_female,male
281,Daniele Cosson-schere,female,female,andy
282,Clea Lutz Bunch,female,male,female
283,Dana M. Mangham,female,female,andy
284,Glen Wade Mclaughlin,female,male,male
285,Jan Zimmerman,female,mostly_female,andy
286,Lynn J. Cadwallader,female,mostly_female,andy
287,Dana Lightstone,female,female,andy
288,Frazier Benya,male,unknown,male
289,Robinson Mclaughry Yost,male,unknown,male
290,Lynn L. Sharp,female,mostly_female,andy
291,Ari C. De Wilde,male,male,andy
292,Kim J. Louwagie,female,mostly_female,andy
293,Leslie Le Liedel,female,andy,andy
294,Maneesha Lal,female,unknown,female
295,Dana O'bryant Thomas,female,female,andy
296,Laxman Dass Satya,male,unknown,unknown
297,Sharmistha Gooptu,female,female,unknown
298,Ashok Natarajan,male,andy,male
299,Cosgrove Baukol,male,unknown,unknown
300,Robin Chapman Stacey,female,andy,mostly_female
301,Ariella Lang,female,unknown,female
302,Anne-marie Jezequel,female,unknown,unknown
303,Janaki Bakhle,female,male,female
304,Shelley Kaplan Nickles,male,female,female
305,Robin Wallace Kilson,female,male,mostly_female
306,Jaime Pensado,male,andy,andy
307,Leslie M. Swann,female,andy,andy
308,Sheridan Harvey,male,male,andy
309,Gabriele Barbara Dahms,male,female,female
310,Jean Lichty Hendricks,female,andy,female
311,Shi Xu,male,andy,andy
312,Allis Wolfe,female,unknown,female
313,Dana Lynn Frank,female,female,andy
314,Jamie Theresa Phelps,male,female,female
315,Red Vaughan Tremmel,male,andy,male
316,Jess Knoblauch,female,andy,male
317,Robin Whyte Underhill,female,andy,mostly_female
318,Jo-ann Robinson,female,unknown,unknown
319,Robin Roy Walz,female,male,mostly_female
320,Alex Wellerstein,male,andy,male
321,Roby Carol Barrett,female,male,male
322,Anne-marie Taylor,female,unknown,unknown
323,Gagan D.s. Sood,male,unknown,mostly_male
324,Hina Hirayama,female,unknown,female
325,Robin J. Blaetz,female,andy,mostly_female
326,Ariel C. Salzmann,female,mostly_female,andy
327,Harley Wesley Williams,female,male,male
328,Sasha Nichols-geerdes,female,andy,female
329,Alex M. Zito,male,andy,male
330,Courtney Elizabeth Thompson,male,female,female
331,Lynn Sumida Joy,female,mostly_female,andy
332,Alex Borucki,male,andy,male
333,Robin Lee Elizabeth Hemenway,female,andy,mostly_female
334,Michal Meyer,male,male,andy
335,Sasha D. Pursley,female,andy,female
336,Tracy Lynn Brown,female,mostly_female,andy
337,Lynn Schler,female,mostly_female,andy
338,Robin E. Robinson,female,andy,mostly_female
339,Aubrey Wayne Barrett,female,male,male
340,Bryn Eric Upton,female,male,male
341,Kim R. Holmes,female,mostly_female,andy
342,Maryam Iya-ilu Moses,male,female,female
343,Jean-francois Lozier,male,unknown,unknown
344,Dana Van Tilborg,female,female,andy
345,Jamie Claire Bartlett,male,female,female
346,Courtney Luckhardt,male,female,mostly_female
347,Laurence W. Marvin,male,andy,male
348,Abu Jaraad Toure,male,unknown,unknown
349,Benson Tong,male,unknown,male
350,Jean-luc Krawczyk,male,unknown,unknown
351,Dana Lynn Sample,female,female,andy
352,Fayette Darcell Wimberly,female,unknown,andy
353,Glen David Kuecker,female,male,male
354,Prescott Bowman Winter,male,unknown,male
355,Kai Roger Pedersen,female,male,male
356,Dominique Bregent-heald,female,andy,andy
357,Courtney Jeanette Campbell,male,female,female
358,Maha Tawfik Nassar,male,female,female
359,Dana Andrew Gooley,female,female,male
360,Linzy A. Brekke,female,unknown,andy
361,Jaime Dominguez,male,andy,andy
362,Courtney Fullilove,male,female,mostly_female
363,Loren Clark Gatch,female,male,male
364,Philippe R. Girard,female,male,male
365,Lynn Mally,female,mostly_female,andy
366,Saud Fayad M. Al-fayad,male,unknown,male
367,Carolan Postma Ownby,female,unknown,female
368,Aubrey R. Silvertooth,female,andy,andy
369,Beryl E. Satter,female,female,andy
370,Aleen J. Ratzlaff,female,unknown,female
371,Albrecht Koschnik,male,male,unknown
372,Jamie Lara Bronstein,male,female,female
373,Kunal Madhukar Parker,male,unknown,male
374,Leslie Robert James,female,male,male
375,Jean Burrell Russo,female,andy,female
376,Robin M. Bisha,female,andy,mostly_female
377,Jaime Elizabeth Boler,male,female,female
378,Tracy Matthews,female,mostly_female,andy
379,Maryam Dorreh Ekhtiar,male,female,female
380,Prakash Kumar,male,andy,male
381,Dana Rodman Tiffany,female,female,male
382,Shelley Sang-hee Lee,male,female,female
383,Viren Murthy,female,unknown,male
384,Courtenay Grean Raia,female,andy,andy
385,Purnima Dhavan,female,unknown,female
386,Dana Linn Barron,female,female,andy
387,Ritika Prasad,female,unknown,female
388,Loren Dale Pugh,female,mostly_male,andy
389,Loren Jerome Samons,female,male,male
390,Hersch Izek,male,unknown,male
391,Leslie Ortquist-ahrens,female,andy,andy
392,Sri Suddha Jayawardane,male,andy,mostly_female
393,Kalil T. Swain Oldham,male,unknown,male
394,Glennis M. Couchman,female,unknown,andy
395,Norm Schrag,male,unknown,male
396,Glen Tomlin Furnas,female,andy,male
397,Jody R. Fernald,female,mostly_female,andy
398,Jean Butenhoff Lee,female,andy,female
399,Lynn O'neal Heberling,female,mostly_female,andy
400,Leslie Scott Philyaw,female,male,male
401,Ishita Pande,female,unknown,female
402,Paige Lindgren Weiss,female,andy,female
403,Ravi Kalia,male,andy,male
404,Ali J. Hussain,female,andy,andy
405,Lynn Lubamersky,female,mostly_female,andy
406,Gabriel Said Reynolds,female,male,male
407,Kim T. Gallon,female,mostly_female,andy
408,Milan Nikola Vego,male,male,andy
409,Kendal P. Mobley,male,mostly_female,andy
410,Kriste A. Lindenmeyer,female,unknown,female
411,Nur Bilge Criss,male,female,andy
412,Jo-ann Morgan,female,unknown,unknown
413,Pier Martin Larson,female,male,male
414,Leslie Julian Cullen,female,male,male
415,Ali Bakr Hassan,female,male,male
416,Robin Walter Mccarter,female,male,mostly_female
417,Glen Gendzel,female,andy,male
418,Philippe Laurent Seiler,female,male,male
419,Lorrin Reed Thomas,female,male,male
420,Suki Kaloo Kathuka Mwendwa,female,unknown,female
421,Roni Gechtman,male,male,mostly_female
422,Kennedy Mokaya Moindi,male,mostly_female,mostly_female
423,Ki Soon Kim,female,andy,andy
424,Kim Searcy,female,mostly_female,andy
425,Willie Mae Coleman,male,mostly_male,female
426,Ric Northrup,male,unknown,male
427,Joellen A. Meglin,female,unknown,female
428,Dabney Melissa Hilbish,male,female,female
429,Jean A. Stuntz,female,andy,female
430,Gyan Prakash,male,unknown,male
431,Philippe Charles Coutaz,female,male,male
432,Marian Jean Rubchak,female,andy,female
433,Robin Davis Gibran Kelley,female,male,mostly_female
434,Mehraj Jahan,male,unknown,unknown
435,Lynn Berat,female,mostly_female,andy
436,Jotham Wood Parsons,male,unknown,male
437,Barret Bell,male,unknown,male
438,Eran Kaplan,female,male,mostly_male
439,Prachi Deshpande,female,unknown,female
440,Loren James Okroi,female,male,male
441,Courtney Patterson Carney,male,female,mostly_female
442,Tracy L. Steffes,female,mostly_female,andy
443,Gabriel Michael Paletz,female,male,male
444,Hale Yilmaz,male,female,male
445,Misha Maclaird,female,male,mostly_female
446,Leslie Smithers,female,andy,andy
447,Micah L. Auerback,male,andy,mostly_male
448,Aubrey N. Underwood,female,andy,andy
449,Syd Saramalia Lindsley,male,male,andy
450,Robbin T. Johnston,female,mostly_female,andy
451,Honor R. Sachs,female,andy,andy
452,Jan Stacey Bieler,female,mostly_female,andy
453,Michel Robin Dahlin,male,male,andy
454,Marian F. Matrician,female,andy,female
455,Hina Azam,female,unknown,female
456,Leslie Frank,female,andy,andy
457,Salome Aguilera Skvirsky,female,female,andy
458,Robin Gibbs Wilder,female,andy,mostly_female
459,Nan Wolverton Franklin,female,female,unknown
460,Baban Hasnat,male,unknown,unknown
461,Laurence Hutchinson Winnie,male,andy,male
462,Kim Phillips-fein,female,mostly_female,andy
463,Jina Paik,female,unknown,female
464,Celine Dauverd,female,unknown,female
465,Shannan Wayne Clark,male,male,mostly_female
466,Herrick Eaton Chapman,male,unknown,male
467,Robin Knowles Wallace,female,andy,mostly_female
468,Tracy Alan Campbell,female,mostly_female,male
469,Joella Gerstmeyer Yoder,female,unknown,female
470,Doretta Lonnett Whalen,female,unknown,female
471,Yevette Richards,female,unknown,female
472,Lynn Rodeman Metzger,female,mostly_female,andy
473,Micah Abell Pawling,male,andy,mostly_male
474,Dominique Padurano,female,andy,andy
475,Jaime Amanda Martinez,male,female,female
476,Robin C. Sager,female,andy,mostly_female
477,Robin Kietlinski,female,andy,mostly_female
478,Toni Y. Hill-kennedy,female,andy,female
479,Robin L. Bowden,female,andy,mostly_female
480,Leslie Allen Buhite,female,male,male
481,Darien J. Davis,male,male,andy
482,Kana Dower,male,female,female
483,Yasar Eyup Ozveren,male,unknown,unknown
484,Ali Anooshahr,female,andy,andy
485,Bryn Ivan Geffert,female,male,male
486,Alexis Macon Mccrossen,female,mostly_female,andy
487,Whitney Vincent Strub,female,male,mostly_female
488,Marian Yeates,female,andy,female
489,Gale Avrith,female,mostly_female,andy
490,Ali Parsa,female,andy,andy
491,Eben Simmons Miller,male,unknown,male
492,Glen Alan Waggoner,female,male,male
493,Willie L. Mckether,male,mostly_male,andy
494,Winslow Williams Clifford,male,unknown,male
495,Michel Hogue,male,male,andy
496,Javier Figueroa,male,andy,male
497,Sherill Lynn Spaar,female,unknown,mostly_female
498,Jean Paquette,female,andy,female
499,Dallas Lavoe Clouatre,female,mostly_male,andy
500,Dana Hercbergs,female,female,andy
501,Rafe Blaufarb,male,unknown,male
502,Gabriele Simoncini,male,female,andy
503,Rene Hayden,female,male,andy
504,Lou Falkner Williams,male,andy,mostly_female
505,Leslie Jordan Lindenauer,female,male,andy
506,Shelley Stephenson,male,female,female
507,Leslie M. Paris,female,andy,andy
508,Gabriel Gideon Hillel Motzkin,female,male,male
509,Courtney Demayo,male,female,mostly_female
510,Shelley Stamp Lindsey,male,female,female
511,Kim Newak Carpenter,female,mostly_female,andy
512,Leslie Madsen-brooks,female,andy,andy
513,Leslie Alan Dean,female,male,male
514,Tracy Emanuel Danese,female,mostly_female,male
515,Brinda Sarathy,female,unknown,female
516,Leslie E. Wilson,female,andy,andy
517,Alexis Wick,female,mostly_female,andy
518,Shelley Kathryn Sallee,male,female,female
519,Kim Leslie Plofker,female,mostly_female,andy
520,Carroll Joseph Dugas,female,male,male
521,Hanford Dozier Stafford,male,unknown,male
522,Jean Freedberg,female,andy,female
523,Dana C. Wiggins,female,female,andy
524,Rene Sue Marion,female,male,female
525,Blair Pierce Turner,female,male,male
526,Sucheta Mazumdar,female,female,unknown
527,Sasha David Pack,female,male,female
528,Jean-marc Ran Oppenheim,male,unknown,unknown
529,Clemence Boulouque,female,unknown,andy
530,Jamie Nace Cohen-cole,male,mostly_female,male
531,Sasha Ranae Adams Tarrant,female,andy,female
532,Terrianne K. Schulte,female,unknown,female
533,Varun Gauri,male,unknown,male
534,Regan Rhea,female,mostly_female,andy
535,Jan E. Hults,female,mostly_female,andy
536,Leslie Vincent Tischauser,female,male,male
537,Case Miner,male,unknown,male
538,Philippe Rosenberg,female,male,male
539,Paige L. Meltzer,female,andy,female
540,Courtney Q. Shah,male,female,mostly_female
541,Dan: Li,male,unknown,unknown
542,Jean S. Holder,female,andy,female
543,Nana Gyesie,female,female,andy
544,Gabriel Natan Finder,female,male,male
545,Noam F. Pianko,male,andy,mostly_male
546,Dana Velasco Murillo,female,female,andy
547,Laurence Shore,male,andy,male
548,Jan L. Hagman,female,mostly_female,andy
549,Aubrey Alwyn Thompson,female,male,male
